Workbook

Sheet Week 1 Allowance
A1: Sample Allowance Tracker
A2: Date | B2: Description | C2: Category | D2: Amount
A3: May 1 | B3: Jeep Fare | C3: Transportation | D3: 30
A4: May 1 | B4: Lunch Meal | C4: Food | D4: 120
A5: May 1 | B5: Bottled Water | C5: Food | D5: 25
A6: May 2 | B6: Tricycle Fare | C6: Transportation | D6: 40
A7: May 2 | B7: School Printing | C7: School | D7: 85
A8: May 2 | B8: Coffee | C8: Food | D8: 95
A9: May 3 | B9: Mobile Load | C9: Utilities | D9: 100
A10: May 3 | B10: Lunch Meal | C10: Food | D10: 130
A11: May 3 | B11: Notebook | C11: School | D11: 60
A12: May 4 | B12: Bus Fare | C12: Transportation | D12: 55
A13: May 4 | B13: Fast Food Dinner | C13: Food | D13: 185
A14: May 4 | B14: Pen and Paper | C14: School | D14: 45
... A22: May 7 | B22: Mobile Load | C22: Utilities | D22: 50
A25: Food | D25: =SUMIF(C3:C22,"Food",D3:D22) -> 870
A26: Transportation | D26: =SUMIF(C3:C22,"Transportation",D3:D22) -> 195
A27: School | D27: =SUMIF(C3:C22,"School",D3:D22) -> 310
A28: Utilities | D28: =SUMIF(C3:C22,"Utilities",D3:D22) -> 220
A29: Total Expenses | D29: =SUM(D3:D22) -> 1595
A31: Weekly Budget | D31: 3000
A33: Total Expenses | D33: =SUM(D3:D23) -> 1595
A34: Remaining Budget | D34: =D31-D33 -> 1405

Sheet Dashboard
B2: Sample Weekly Allowance Tracker — Dashboard
B3: Spending analysis for May 1–7 · Auto-calculated from Week 1 Allowance sheet
B5: Spending by Category
B6: Category | C6: Amount (₱) | D6: % of Total
B7: Food | C7: ='Week 1 Allowance'!D25 -> 870 | D7: =C7/$C$11 -> 0.54545455
B8: Transportation | C8: ='Week 1 Allowance'!D26 -> 195 | D8: =C8/$C$11 -> 0.12225705
B9: School | C9: ='Week 1 Allowance'!D27 -> 310 | D9: =C9/$C$11 -> 0.19435737
B10: Utilities | C10: ='Week 1 Allowance'!D28 -> 220 | D10: =C10/$C$11 -> 0.13793103
B11: Total Expenses | C11: =SUM(C7:C10) -> 1595 | D11: =SUM(D7:D10) -> 1
B13: Budget
B14: Weekly Budget | C14: ='Week 1 Allowance'!D31 -> 3000
B15: Total Spent | C15: ='Week 1 Allowance'!D33 -> 1595
B16: Remaining Budget | C16: =C14-C15 -> 1405
B17: % of Budget Used | C17: =C15/C14 -> 0.53166667
B19: Daily Spending Trend
B20: Date | C20: Amount (₱)
B21: May 1 | C21: =SUMIF('Week 1 Allowance'!$A$3:$A$22,B21,'Week 1 Allowance'!$D$3:$D$22) -> 175
B22: May 2 | C22: =SUMIF('Week 1 Allowance'!$A$3:$A$22,B22,'Week 1 Allowance'!$D$3:$D$22) -> 220
B23: May 3 | C23: =SUMIF('Week 1 Allowance'!$A$3:$A$22,B23,'Week 1 Allowance'!$D$3:$D$22) -> 290
B24: May 4 | C24: =SUMIF('Week 1 Allowance'!$A$3:$A$22,B24,'Week 1 Allowance'!$D$3:$D$22) -> 285
B25: May 5 | C25: =SUMIF('Week 1 Allowance'!$A$3:$A$22,B25,'Week 1 Allowance'!$D$3:$D$22) -> 165
B26: May 6 | C26: =SUMIF('Week 1 Allowance'!$A$3:$A$22,B26,'Week 1 Allowance'!$D$3:$D$22) -> 300
B27: May 7 | C27: =SUMIF('Week 1 Allowance'!$A$3:$A$22,B27,'Week 1 Allowance'!$D$3:$D$22) -> 160
B28: Daily Average | C28: =AVERAGE(C21:C27) -> 227.85714
B61: Key Insights
B62: ="Highest spending category: "&INDEX(B7:B10,MATCH(MAX(C7:C10),C7:C10,0))&" ("&TEXT(MAX(C7:C10),"₱#,##0")&", "&TEXT(MAX(D7:D10),"0.0%")&" of total spending)" -> Highest spending category: Food (₱870, 54.5% of total spending)
B63: ="Lowest spending category: "&INDEX(B7:B10,MATCH(MIN(C7:C10),C7:C10,0))&" ("&TEXT(MIN(C7:C10),"₱#,##0")&", "&TEXT(MIN(D7:D10),"0.0%")&" of total spending)" -> Lowest spending category: Transportation (₱195, 12.2% of total spending)
B64: ="Highest spending day: "&INDEX(B21:B27,MATCH(MAX(C21:C27),C21:C27,0))&" ("&TEXT(MAX(C21:C27),"₱#,##0")&" spent)" -> Highest spending day: May 6 (₱300 spent)
B65: ="Average daily spend: "&TEXT(C28,"₱#,##0")&" per day across the week" -> Average daily spend: ₱228 per day across the week
B66: ="Budget utilization: "&TEXT(C15/C14,"0.0%")&" of the ₱"&TEXT(C14,"#,##0")&" weekly budget used, with "&TEXT(C16,"₱#,##0")&" remaining" -> Budget utilization: 53.2% of the ₱3,000 weekly budget used, with ₱1,405 remaining
B67: ="Food and Transportation together account for "&TEXT((C7+C8)/C11,"0.0%")&" of total expenses" -> Food and Transportation together account for 66.8% of total expenses
