Workbook

Sheet Dashboard
B1: Total | D1: Completed | F1: Pending/In Progress | H1: Cancelled | J1: Overdue
B2: =COUNTA('Document-Registry'!A:A)-1 -> 30 | D2: =COUNTIF('Document-Registry'!F:F,"Completed") -> 10 | F2: {=SUM(COUNTIF('Document-Registry'!F:F,{"Pending","In Progress"}))} -> 19 | H2: =COUNTIF('Document-Registry'!F:F,"Cancelled") -> 1 | J2: =COUNTIF('Document-Registry'!H:H,"<0") -> 9
D5: Docs Chart | H5: Pivot Chart
B7: Status | C7: Count
B8: Completed | C8: =COUNTIF('Document-Registry'!F:F,"Completed") -> 10
B9: Pending | C9: =COUNTIF('Document-Registry'!F:F,"Pending") -> 9
B10: In Progress | C10: =COUNTIF('Document-Registry'!F:F,"In Progress") -> 10
B11: Cancelled | C11: =COUNTIF('Document-Registry'!F:F,"Cancelled") -> 1
C22: Recent Documents
C23: Doc No. | E23: Subject | G23: Status
C24: {=INDEX('Document-Registry'!A:A,COUNTA('Document-Registry'!A:A))} -> DOC-030 | E24: {=INDEX('Document-Registry'!C:C,COUNTA('Document-Registry'!A:A))} -> Cash Advance Request | G24: {=INDEX('Document-Registry'!F:F,COUNTA('Document-Registry'!A:A))} -> Cancelled
C25: {=INDEX('Document-Registry'!A:A,COUNTA('Document-Registry'!A:A)-1)} -> DOC-029 | E25: {=INDEX('Document-Registry'!C:C,COUNTA('Document-Registry'!A:A)-1)} -> Contract Renewal | G25: {=INDEX('Document-Registry'!F:F,COUNTA('Document-Registry'!A:A)-1)} -> In Progress
C26: {=INDEX('Document-Registry'!A:A,COUNTA('Document-Registry'!A:A)-2)} -> DOC-028 | E26: {=INDEX('Document-Registry'!C:C,COUNTA('Document-Registry'!A:A)-2)} -> Procurement Request | G26: {=INDEX('Document-Registry'!F:F,COUNTA('Document-Registry'!A:A)-2)} -> Completed
C27: {=INDEX('Document-Registry'!A:A,COUNTA('Document-Registry'!A:A)-3)} -> DOC-027 | E27: {=INDEX('Document-Registry'!C:C,COUNTA('Document-Registry'!A:A)-3)} -> Contract Renewal | G27: {=INDEX('Document-Registry'!F:F,COUNTA('Document-Registry'!A:A)-3)} -> In Progress
C28: {=INDEX('Document-Registry'!A:A,COUNTA('Document-Registry'!A:A)-4)} -> DOC-026 | E28: {=INDEX('Document-Registry'!C:C,COUNTA('Document-Registry'!A:A)-4)} -> Leave Application | G28: {=INDEX('Document-Registry'!F:F,COUNTA('Document-Registry'!A:A)-4)} -> Pending
C29: {=INDEX('Document-Registry'!A:A,COUNTA('Document-Registry'!A:A)-5)} -> DOC-025 | E29: {=INDEX('Document-Registry'!C:C,COUNTA('Document-Registry'!A:A)-5)} -> Meeting Room Reservation | G29: {=INDEX('Document-Registry'!F:F,COUNTA('Document-Registry'!A:A)-5)} -> Completed

Sheet Document-Registry
A1: Doc. No | B1: Date Received | C1: Subject | D1: Department | E1: Assigned to | F1: Status | G1: Due Date | H1: Days Remaining | I1: Remarks
A2: DOC-001 | B2: 46118 | C2: Budget Proposal | D2: Finance | E2: Maria Santos | F2: Pending | G2: 46178 | H2: =G2-TODAY() -> -25 | I2: OVERDUE - Documentation Lacking
A3: DOC-002 | B3: 46127 | C3: Procurement Request | D3: Administration | E3: Juan Cruz | F3: In Progress | G3: 46185 | H3: =G3-TODAY() -> -18 | I3: OVERDUE - Awaiting Approval
A4: DOC-003 | B4: 46140 | C4: Contract Renewal | D4: Administration | E4: John Dela Cruz | F4: In Progress | G4: 46195 | H4: =G4-TODAY() -> -8 | I4: OVERDUE - Incomplete Requirements
A5: DOC-004 | B5: 46141 | C5: Training Request | D5: Operations | E5: Angela Ramos | F5: Pending | G5: 46198 | H5: =G5-TODAY() -> -5 | I5: OVERDUE - Awaiting Approval
A6: DOC-005 | B6: 46152 | C6: Purchase Request | D6: Finance | E6: Carla Mendoza | F6: Pending | G6: 46191 | H6: =G6-TODAY() -> -12 | I6: OVERDUE - Awaiting Approval
A7: DOC-006 | B7: 46154 | C7: Payroll Inquiry | D7: Finance | E7: Nicole Santos | F7: Completed | G7: 46203 | H7: =G7-TODAY() -> 0 | I7: Released
A8: DOC-007 | B8: 46159 | C8: Travel Order | D8: Administration | E8: Mark Villanueva | F8: In Progress | G8: 46193 | H8: =G8-TODAY() -> -10 | I8: OVERDUE - Awaiting Approval
A9: DOC-008 | B9: 46165 | C9: Equipment Repair Request | D9: Operations | E9: Melissa Cruz | F9: In Progress | G9: 46198 | H9: =G9-TODAY() -> -5 | I9: OVERDUE - Awaiting Parts
A10: DOC-009 | B10: 46167 | C10: Office Supply Request | D10: Administration | E10: Daniel Torres | F10: Pending | G10: 46200 | H10: =G10-TODAY() -> -3 | I10: OVERDUE - Awaiting Parts
A11: DOC-010 | B11: 46168 | C11: Cash Advance Request | D11: Administration | E11: Patrick Lim | F11: Pending | G11: 46201 | H11: =G11-TODAY() -> -2 | I11: OVERDUE - Awaiting Approval
A12: DOC-011 | B12: 46174 | C12: Leave Application | D12: HR | E12: Maria Santos | F12: Completed | G12: 46213 | H12: =G12-TODAY() -> 10 | I12: Approved
A13: DOC-012 | B13: 46175 | C13: Budget Request | D13: Finance | E13: Juan Cruz | F13: Pending | G13: 46214 | H13: =G13-TODAY() -> 11 | I13: Awaiting Review
... A31: DOC-030 | B31: 46196 | C31: Cash Advance Request | D31: Accounting | E31: Satoru Gojo | F31: Cancelled | G31: 46215 | H31: =G31-TODAY() -> 12 | I31: Withdrawn

Sheet Monthly-Report
A1: Date Received | B1: Count of Doc. No
A2: Apr | B2: 4
A3: May | B3: 6
A4: Jun | B4: 20
A5: Grand Total | B5: 30

Sheet Lists
A1: Column A | B1: Column B | D1: Pending Documents: | E1: In Progress | F1: Completed | G1: Cancelled
A2: Pending | B2: Administration | D2: Awaiting approval | E2: Being processed | F2: Approved and filed | G2: Request withdrawn
A3: In Progress | B3: Finance | D3: For review by supervisor | E3: For signature | F3: Released to requester | G3: Duplicate submission
A4: Completed | B4: HR | D4: Pending supporting documents | E4: Under review by management | F4: Processed successfully | G4: Cancelled by requesting office
A5: Cancelled | B5: Operations | D5: Under evaluation | E5: Coordinating with requesting office | F5: Document archived | G5: No longer required
B6: Marketing | D6: For verification | E6: Routing for approval | F6: Completed on schedule
B7: Accounting
